{
  "version": 1,
  "author": "ALEXANDRU-ANDREI DRĂGHICI",
  "editor": "wokwi",
  "parts": [
    { "type": "wokwi-arduino-uno", "id": "uno", "top": 0, "left": 0, "attrs": {} },
    {
      "type": "wokwi-lcd1602",
      "id": "lcd1",
      "top": -262.4,
      "left": -4,
      "attrs": { "pins": "i2c" }
    },
    { "type": "wokwi-potentiometer", "id": "pot1", "top": 27.5, "left": 335.8, "attrs": {} },
    {
      "type": "wokwi-led",
      "id": "led1",
      "top": -176.4,
      "left": 330.2,
      "attrs": { "color": "red" }
    },
    {
      "type": "wokwi-led",
      "id": "led2",
      "top": -166.8,
      "left": 387.8,
      "attrs": { "color": "white" }
    },
    {
      "type": "wokwi-led",
      "id": "led3",
      "top": -166.8,
      "left": 426.2,
      "attrs": { "color": "limegreen" }
    },
    {
      "type": "wokwi-led",
      "id": "led4",
      "top": -166.8,
      "left": 474.2,
      "attrs": { "color": "cyan" }
    },
    {
      "type": "wokwi-led",
      "id": "led5",
      "top": -166.8,
      "left": 512.6,
      "attrs": { "color": "magenta" }
    },
    {
      "type": "wokwi-resistor",
      "id": "r1",
      "top": -91.2,
      "left": 325.85,
      "rotate": 90,
      "attrs": { "value": "220" }
    },
    {
      "type": "wokwi-resistor",
      "id": "r2",
      "top": -91.2,
      "left": 383.45,
      "rotate": 90,
      "attrs": { "value": "220" }
    },
    {
      "type": "wokwi-resistor",
      "id": "r3",
      "top": -91.2,
      "left": 421.85,
      "rotate": 90,
      "attrs": { "value": "220" }
    },
    {
      "type": "wokwi-resistor",
      "id": "r4",
      "top": -91.2,
      "left": 508.25,
      "rotate": 90,
      "attrs": { "value": "220" }
    },
    {
      "type": "wokwi-resistor",
      "id": "r5",
      "top": -91.2,
      "left": 469.85,
      "rotate": 90,
      "attrs": { "value": "220" }
    }
  ],
  "connections": [
    [ "lcd1:GND", "uno:GND.2", "black", [ "h-134.4", "v633.6", "h307.2" ] ],
    [ "lcd1:VCC", "uno:5V", "red", [ "h-163.2", "v662.5", "h316.8" ] ],
    [ "lcd1:SDA", "uno:A4", "green", [ "h-220.8", "v547.4", "h451.2" ] ],
    [ "lcd1:SCL", "uno:A5", "green", [ "h-182.4", "v576.3", "h-19.2" ] ],
    [ "pot1:GND", "uno:GND.2", "black", [ "v172.8", "h-192" ] ],
    [ "pot1:VCC", "uno:5V", "red", [ "v182.4", "h-231.2" ] ],
    [ "pot1:SIG", "uno:A0", "blue", [ "v144", "h-163.6" ] ],
    [ "uno:GND.1", "led1:C", "black", [ "v-76.2", "h230.1" ] ],
    [ "uno:GND.1", "led5:C", "black", [ "v-76.2", "h412.5" ] ],
    [ "uno:GND.1", "led3:C", "black", [ "v-76.2", "h326.1" ] ],
    [ "uno:GND.1", "led4:C", "black", [ "v-76.2", "h374.1" ] ],
    [ "uno:GND.1", "led2:C", "black", [ "v-76.2", "h287.7" ] ],
    [ "r1:2", "uno:8", "#8f4814", [ "h0" ] ],
    [ "r4:2", "uno:7", "violet", [ "h0", "v8.4", "h-355.2" ] ],
    [ "r5:2", "uno:6", "cyan", [ "h0", "v18", "h-297.6" ] ],
    [ "r3:2", "uno:5", "green", [ "h0", "v27.6", "h-249.6" ] ],
    [ "led2:A", "r2:1", "white", [ "v0" ] ],
    [ "led3:A", "r3:1", "green", [ "v0" ] ],
    [ "r2:2", "uno:4", "white", [ "h0", "v37.2", "h-192" ] ],
    [ "r1:1", "led1:A", "#8f4814", [ "h0" ] ],
    [ "r5:1", "led4:A", "cyan", [ "h0" ] ],
    [ "led5:A", "r4:1", "magenta", [ "v0" ] ]
  ],
  "dependencies": {}
}